"899c883f-3a91-11e5-b380-0050568236ae","Laboratory"
"06046205-bccd-4ea8-ad75-aeac53f2660b","No"
"3dc73b47-05f0-4351-8162-6e8c51b5dc74","Yes"
"89e851b9-3a91-11e5-b380-0050568236ae","dosagefrequency"
"89f16092-3a91-11e5-b380-0050568236ae","qd"
"89fb76b6-3a91-11e5-b380-0050568236ae","bid"
"89fc2ade-3a91-11e5-b380-0050568236ae","tid"
"8a0bb402-3a91-11e5-b380-0050568236ae","qid"
"8a0c9966-3a91-11e5-b380-0050568236ae","dosage instructions"
"8a15ac57-3a91-11e5-b380-0050568236ae","ac"
"8a16c67c-3a91-11e5-b380-0050568236ae","pc"
"8a1d5ae7-3a91-11e5-b380-0050568236ae","hs"
"8a22c3a9-3a91-11e5-b380-0050568236ae","Visit Diagnoses"
"8a238795-3a91-11e5-b380-0050568236ae","Non-coded Diagnosis"
"8a246971-3a91-11e5-b380-0050568236ae","Coded Diagnosis"
"8a2524d9-3a91-11e5-b380-0050568236ae","Diagnosis Certainty"
"8a25f090-3a91-11e5-b380-0050568236ae","Presumed"
"8a267d65-3a91-11e5-b380-0050568236ae","Confirmed"
"8a274dec-3a91-11e5-b380-0050568236ae","Diagnosis order"
"8a281af8-3a91-11e5-b380-0050568236ae","Secondary"
"8a28a9c1-3a91-11e5-b380-0050568236ae","Primary"
"8a2c0c06-3a91-11e5-b380-0050568236ae","Admit Patient"
"8a2cbe5b-3a91-11e5-b380-0050568236ae","Discharge Patient"
"8a2d6aad-3a91-11e5-b380-0050568236ae","Transfer Patient"
"8a2e1814-3a91-11e5-b380-0050568236ae","Disposition"
"8a2f03b3-3a91-11e5-b380-0050568236ae","Disposition Set"
"8a2fd836-3a91-11e5-b380-0050568236ae","Disposition Note"
"8a324d5f-3a91-11e5-b380-0050568236ae","consultation note"
"8a34acbd-3a91-11e5-b380-0050568236ae","Admission"
"8a37be69-3a91-11e5-b380-0050568236ae","DISCHARGE"
"8a46d32e-3a91-11e5-b380-0050568236ae","Lab departments"
"8a47895e-3a91-11e5-b380-0050568236ae","Other Investigations"
"8a4840ea-3a91-11e5-b380-0050568236ae","Other Investigations Categories"
"8a6f6254-3a91-11e5-b380-0050568236ae","LABRESULTS_CONCEPT"
"8a6fcc41-3a91-11e5-b380-0050568236ae","LAB_RESULT"
"8a707bb1-3a91-11e5-b380-0050568236ae","LAB_NOTES"
"8a7124ca-3a91-11e5-b380-0050568236ae","LAB_MINNORMAL"
"8a71cad0-3a91-11e5-b380-0050568236ae","LAB_MAXNORMAL"
"8a727049-3a91-11e5-b380-0050568236ae","LAB_ABNORMAL"
"8a844ec0-3a91-11e5-b380-0050568236ae","REFERRED_OUT"
"8a8bad47-3a91-11e5-b380-0050568236ae","Lab Order Notes"
"8a8df82e-3a91-11e5-b380-0050568236ae","A_T_and_P"
"8a95c9c7-3a91-11e5-b380-0050568236ae","Ruled Out Diagnosis"
"8aa9308f-3a91-11e5-b380-0050568236ae","Bahmni Diagnosis Status"
"8aa9e352-3a91-11e5-b380-0050568236ae","Bahmni Initial Diagnosis"
"8aaa93df-3a91-11e5-b380-0050568236ae","Bahmni Diagnosis Revised"
"8aad3eb1-3a91-11e5-b380-0050568236ae","Lab Manager Notes"
"8ab24db2-3a91-11e5-b380-0050568236ae","Accession Uuid"
"91af1a2a-3a91-11e5-b380-0050568236ae","Dose\n            Quantity Units"
"c9f7440f-3a91-11e5-b380-0050568236ae","dosing  units"
"c9f84a76-3a91-11e5-b380-0050568236ae","capsule(s)"
"c9f8ec4c-3a91-11e5-b380-0050568236ae","tablet(s)"
"c9f981b6-3a91-11e5-b380-0050568236ae","teaspoon"
"c9fa3bb6-3a91-11e5-b380-0050568236ae","tablespoon"
"c9fc1f44-3a91-11e5-b380-0050568236ae","drop"
"c9fcb6cd-3a91-11e5-b380-0050568236ae","ml"
"c9fd5161-3a91-11e5-b380-0050568236ae","mg"
"ca181fb9-3a91-11e5-b380-0050568236ae","drug routes"
"ca18edb4-3a91-11e5-b380-0050568236ae","IM"
"ca19941d-3a91-11e5-b380-0050568236ae","IV"
"ca1a2fcf-3a91-11e5-b380-0050568236ae","PO"
"ca1af389-3a91-11e5-b380-0050568236ae","PV"
"ca1bbb7a-3a91-11e5-b380-0050568236ae","SC"
"ca1c8f9c-3a91-11e5-b380-0050568236ae","PR"
"ca1d4e2f-3a91-11e5-b380-0050568236ae","SL"
"ca28e289-3a91-11e5-b380-0050568236ae","NG"
"ca2d3d01-3a91-11e5-b380-0050568236ae","duration units"
"ca2e0b75-3a91-11e5-b380-0050568236ae","day(s)"
"ca33a9a2-3a91-11e5-b380-0050568236ae","OD"
"ca40c962-3a91-11e5-b380-0050568236ae","BiD"
"ca419b51-3a91-11e5-b380-0050568236ae","TDS"
"ca4f9aad-3a91-11e5-b380-0050568236ae","QD"
"ca534f62-3a91-11e5-b380-0050568236ae","Dosing Instructions"
"ca541d67-3a91-11e5-b380-0050568236ae","ac"
"ca556f33-3a91-11e5-b380-0050568236ae","pc"
"ca561fc9-3a91-11e5-b380-0050568236ae","cm"
"ca574dea-3a91-11e5-b380-0050568236ae","hs"
"ca657e80-3a91-11e5-b380-0050568236ae","STAT"
"ca69145c-3a91-11e5-b380-0050568236ae","All Observation templates"
"1732763f-3a92-11e5-b380-0050568236ae","LAB_REPORT"
"17610dc1-3a92-11e5-b380-0050568236ae","hour(s)"
"176252c5-3a92-11e5-b380-0050568236ae","week(s)"
"17631f21-3a92-11e5-b380-0050568236ae","month(s)"
"17e111e1-3a92-11e5-b380-0050568236ae","Impression"
"18060cde-3a92-11e5-b380-0050568236ae","All Disease Templates"
"1809352b-3a92-11e5-b380-0050568236ae","unit(s)"
"180cb136-3a92-11e5-b380-0050568236ae","QH"
"180d8be0-3a92-11e5-b380-0050568236ae","Q2H"
"180eb574-3a92-11e5-b380-0050568236ae","Q3H"
"1815f960-3a92-11e5-b380-0050568236ae","Q4H"
"18211e5f-3a92-11e5-b380-0050568236ae","Q6H"
"18224933-3a92-11e5-b380-0050568236ae","Q8H"
"182313da-3a92-11e5-b380-0050568236ae","Q12H"
"1823e0b2-3a92-11e5-b380-0050568236ae","A/D"
"1824b228-3a92-11e5-b380-0050568236ae","Once a week"
"182564e3-3a92-11e5-b380-0050568236ae","TiW"
"182a8533-3a92-11e5-b380-0050568236ae","Thrice a week"
"182b76bc-3a92-11e5-b380-0050568236ae","Every 2 weeks"
"182c23ae-3a92-11e5-b380-0050568236ae","Every 3 weeks"
"182ccda6-3a92-11e5-b380-0050568236ae","Once a month"
"182fef8b-3a92-11e5-b380-0050568236ae","ID"
"183094ff-3a92-11e5-b380-0050568236ae","IP"
"1831353e-3a92-11e5-b380-0050568236ae","IT"
"1831cfc0-3a92-11e5-b380-0050568236ae","IO"
"189d42d5-3a92-11e5-b380-0050568236ae","tablet"
"189d9672-3a92-11e5-b380-0050568236ae","capsule"
"189de42e-3a92-11e5-b380-0050568236ae","TOPIC"
"189e3259-3a92-11e5-b380-0050568236ae","NASAL"
"189e828d-3a92-11e5-b380-0050568236ae","RESPIR"
"18a0db2d-3a92-11e5-b380-0050568236ae","Five times a day"
"18a1a8f7-3a92-11e5-b380-0050568236ae","Four days a week"
"18a253ea-3a92-11e5-b380-0050568236ae","Five days a week"
"18a2fd95-3a92-11e5-b380-0050568236ae","Six days a week"
"18a9fcff-3a92-11e5-b380-0050568236ae","minute(s)"
"18b1c50a-3a92-11e5-b380-0050568236ae","Deny Admission"
"18b7889f-3a92-11e5-b380-0050568236ae","Order Attributes"
"18beea6d-3a92-11e5-b380-0050568236ae","Undo Discharge"
"18c58870-3a92-11e5-b380-0050568236ae","D"
"18e54577-3a92-11e5-b380-0050568236ae","All Orderables"
"36f53e2a-3f5a-11e5-b380-0050568236ae","education"
"36f63821-3f5a-11e5-b380-0050568236ae","uneducated"
"36f6da3c-3f5a-11e5-b380-0050568236ae","below-5th"
"36f7e308-3f5a-11e5-b380-0050568236ae","6th-9th"
"36fc4faf-3f5a-11e5-b380-0050568236ae","10th-pass"
"36fd2b7e-3f5a-11e5-b380-0050568236ae","12th-pass"
"36fe0db0-3f5a-11e5-b380-0050568236ae","graduate"
"36ff11e0-3f5a-11e5-b380-0050568236ae","occupation"
"3700c366-3f5a-11e5-b380-0050568236ae","government"
"3702040b-3f5a-11e5-b380-0050568236ae","business"
"3702a078-3f5a-11e5-b380-0050568236ae","housewife"
"37033694-3f5a-11e5-b380-0050568236ae","labour"
"370c2b7b-3f5a-11e5-b380-0050568236ae","Patient Document"
"370ce7c7-3f5a-11e5-b380-0050568236ae","Patient file"
"79ccfb3b-0f17-4c79-a552-170fdcf2e2b3","Used atleast one of the drugs in past one year</br>Cannabis</br> Cocaine</br> Prescription stimulants without a prescription</br> Methamphetamine</br> Inhalants</br> Sedatives</br> Hallucinogens</br> Street opioids"
"43113593-d3bb-4114-a134-652902c0192e","Homeless within past 1 year"
"f34b699b-c52d-410b-b40d-a61dfc5bcc94","Refugee or displaced person"
"3786ca94-7e10-45f0-bfd1-ac62f6878ec8","type of scheduled visit"
"5087AAAAAAAAAAAAAAAAAAAAAAAAAAAAAAAA","Pulse"
"52d695fe-5014-4cc7-84ab-aba7ac5efe1a","BPNS LEFT numbness"
"691e8241-fe78-4937-87ea-50f1df46a2b9","BPNS LEFT pain, ache, burning"
"8a61349b-ed87-4de8-9a84-25d4fa1efb97","BPNS LEFT pins needles"
"93333043-4252-47a4-aa82-ef84163a2c2b","RR"
"b90f2c1b-9c6e-4b41-a6c6-e30780ea2aa7","Left eye"
"fbb823e8-d46c-4761-b55b-2c4a621bb503","Right eye"
"83584b7d-8794-4006-9c63-38ad5aaa3b13","Colour blindness RIGHT"
"883ae3b9-bbe7-4f95-90c1-9480a4a6ec60","Is new AE an SAE?"
"8b5746a6-e23d-4ebc-9b6c-b6c35c56d9e8","Colour blindness LEFT"
"b6daa375-2170-41db-8177-154d8bdfd63c","Colour blindness"
"d5420286-1c66-48ad-915a-12a86935641c","Hospital admission since last visit?"
"f7a4af5e-b291-4093-9336-6dbf430f56e7","Reporting new AE?"
"582b108f-d881-4bcf-8093-d22298597289","Brief Peripheral Neuropathy Screen"
"255e644a-b30e-4ec6-956d-9663d29b8892","Colorblindness Screen (Ishihara Test)"
"73766466-d0e3-427c-a38b-2a01f49dd3fe","Clinical Examination"
"871b95b0-aed6-4f94-bf79-19d8058f9dd3","Followup Questions For Clinician Reminder"
"8e3c2631-501f-4783-8740-fcb08a691631","Followup Assessment"
"aef91d6f-80e6-4b71-984b-6ae0342f2fe2","Number of Incorrect Plates"
"b1a05aa9-d22c-4b81-a209-bd9663d8c7ca","Visual Acuity"
"450AAAAAAAAAAAAAAAAAAAAAAAAAAAAAAAAA","Amoxicillin/Clavulanate (Amx/Clv)"
"71060AAAAAAAAAAAAAAAAAAAAAAAAAAAAAAA","Amikacin (Am)"
"72794AAAAAAAAAAAAAAAAAAAAAAAAAAAAAAA","Capreomycin (Cm)"
"73581AAAAAAAAAAAAAAAAAAAAAAAAAAAAAAA","Clofazimine (Cfz)"
"74123AAAAAAAAAAAAAAAAAAAAAAAAAAAAAAA","Cycloserine (Cs)"
"75948AAAAAAAAAAAAAAAAAAAAAAAAAAAAAAA","Ethambutol (E)"
"75976AAAAAAAAAAAAAAAAAAAAAAAAAAAAAAA","Ethionamide (Eto)"
"78385AAAAAAAAAAAAAAAAAAAAAAAAAAAAAAA","Kanamycin (Km)"
"78788AAAAAAAAAAAAAAAAAAAAAAAAAAAAAAA","Levofloxacin (Lfx)"
"78879AAAAAAAAAAAAAAAAAAAAAAAAAAAAAAA","Linezolid (Lzd)"
"80133AAAAAAAAAAAAAAAAAAAAAAAAAAAAAAA","Moxifloxacin (Mfx)"
"160019AAAAAAAAAAAAAAAAAAAAAAAAAAAAAA","Thioacetazone (T)"
"81457AAAAAAAAAAAAAAAAAAAAAAAAAAAAAAA","Para-aminosalicylic acid (PAS)"
"82772AAAAAAAAAAAAAAAAAAAAAAAAAAAAAAA","Prothionamide (Pto)"
"82900AAAAAAAAAAAAAAAAAAAAAAAAAAAAAAA","Pyrazinamide (Z)"
"84360AAAAAAAAAAAAAAAAAAAAAAAAAAAAAAA","Streptomycin (S)"
"84836AAAAAAAAAAAAAAAAAAAAAAAAAAAAAAA","Terizidone (Trd)"
"b8b122b0-9b7e-4791-b8e6-cb918f8116b9","Non-confirmed, clinically diagnosed"
"6b806f15-031c-4efb-8362-cbe9c4a0b003","Consent for EndTB signed?"
"8645fb7b-3a45-49d1-8c11-558d6287c12a","Prison"
"a5e8cb93-8f34-4853-8eb4-2a7da25b4e65","Refugee, migrant or displaced"
"a90d738e-8e55-4580-bfcb-fc6039a4b9be","Consent for New Drugs Signed?"
"dee08bef-1e3d-4bd3-954c-d0c8bb9e7865","Employed"
"ebac4f9f-9ba1-4ed7-bf64-f58b1cef28a9","Marital Status"
"fad62460-0912-4fe0-bec6-740cc5e8e231","Homeless"
"03ce6fd2-2371-4cdf-86fb-459ff131a094","Non-IV drug user"
"04af9b78-733e-4ae8-8b55-45afe882a895","IV drug user"
"1beb091d-2d3d-4d74-8f78-c93bbf5ef24c","How Many Drug-Resistant TB Treatments"
"6851d165-c9e3-47c6-85a8-386fcf6cdfc1","Drug-Susceptible TB Treatment in the Past"
"7914cd83-0eac-4c34-929a-0377e3bc02c4","Health worker"
"86dac434-6da8-42a8-908c-dc29ab88d58e","Drug-Resistant TB Treatment in the Past"
"915232f6-a0d3-4d42-82c6-d22a575a4ef3","Smoker"
"a5ea5e64-e7cd-4da4-8229-a1d0088d5048","Year of First TB Treatment?"
"c1672f36-4532-4778-9d39-1c21b4518494","Drinks/week"
"cbbfadd4-cd96-4de8-839d-4e1a5ad1b6f6","How many Drug-Susceptible TB treatments"
"e82a94df-6758-438b-ae9c-537546379a22","Alcohol"
"341c9a57-5e84-49f2-b148-c5731fa1c4aa","HIV"
"3ae6afbd-6bff-47a1-a573-a91aaae771e8","Viral load date"
"650aa651-0e33-40b9-bf4c-e582b0dfd21b","Other past TB drugs > 1 month"
"707d5ac6-447d-49b0-ac0d-a1a76a423209","ARV drugs treatment"
"96365082-2546-4749-aa1a-a1d86d76bdaf","Past TB drugs > 1 month"
"a67e143d-7ab0-44f8-9767-2f6969b9c601","What is the registration number of the most recent previous TB treatment episode?"
"d7e7c5d7-a842-442d-8795-866fcd11b0ba","ARV"
"04fb8437-4b45-437b-9b34-4f9be09bba63","Has other psychiatric illness"
"0dda7a44-b716-4505-9a34-9540ec5c6b8c","Depression"
"2f6fd5ab-31aa-46cc-a027-0c258e3c90bb","Cancer"
"63b8d56d-07bd-4d58-99a1-a4f81f02c4c4","Type of psychiatric illness"
"a115de59-36da-401e-8f2d-f235bc808265","Heart disease"
"adadbba6-9b8d-4cf9-8101-675aa2fb210a","Seizures"
"ae4ed2ff-7705-43ad-b5a5-ac1606b7bfa5","Hepatitis B"
"b1c1d93a-b279-45e5-8aa5-90c131cfc8cd","Hepatitis C"
"b2fb4a6f-f34c-4c7d-8b70-6f39282b0bd9","Chronic renal disease"
"c261f2ca-8636-44e1-b042-8cc938fae226","Cancer type"
"c8885441-ee79-42ed-aee3-7989738950cb","COPD"
"c8acbb9e-a034-402b-8df4-7cc03296d2c7","Pregnant at Treatment Start"
"f4c3f3fa-26e9-4adc-bc56-abd29f4d03aa","Cirrhosis"
"031e5064-eb58-4e48-8870-1d69f7c6d1f3","Pre-XDR - injectable"
"07ec3203-8ae2-4aa4-b5b3-0723fb17254c","Pre-XDR - fluoroquinolone"
"16df006b-1e6f-4c81-82f1-0884c6e19d57","Xpert MTB/RIF result"
"187faed4-0e99-4d35-9b1a-76cd6114e7d0","VA LEFT"
"262a0265-e48a-4f45-881b-f750ed6f4ebf","Date eligible new drugs"
"3402fffa-3c24-433b-bac4-5af994b83c4a","XDR"
"34a6b6f0-1b01-4c6a-8f80-530bceca41ec","Smear result"
"3f646842-0ef5-49a6-9a33-be968736cdf9","MTB confirmation"
"4952fb25-34b8-4299-8572-e58611d5e165","Extrapulmonary site"
"58181c7e-cce4-4ca5-bcac-9010e609b06c","VA RIGHT"
"8ce260e9-7b56-414c-81e5-be0a1d38b1da","MDR-TB diagnosis date"
"97b5a463-3b16-454b-ab03-233b21d9d706","Colour blindness"
"a43e8a7e-264f-4d4f-8e70-6ad390751da9","Culture result"
"aadac727-bb1f-4c9f-9bfc-7cd2c1f7ab47","BPNS LEFT pins needles"
"b31d7b10-2888-407b-8ba0-3c0b1b400f72","Colour blindness LEFT"
"bcd87b74-5c10-4414-bed6-0a1b72aba00e","DST results"
"c63f079b-4fe7-484d-a8fe-72459c61fba1","Disease site"
"d2e65b14-8679-41f7-b54a-f06d52220fdb","BPNS LEFT pain, ache, burning"
"d680fe34-9032-4f16-80cc-96f7b6a00f22","BPNS LEFT numbness"
"df579289-4e00-4aa8-925b-faad4489735c","Other patterns of resistance that are not XDR or pre-XDR"
"e7d8aeae-8873-4802-a2b0-dd4fea09d2eb","WHO registration group"
"fa6d4b40-0e4d-49b2-8e5a-7ac162d8a05a","Colour blindness RIGHT"
"0dee3c22-aaa6-462d-88d2-3872d57c1f36","Indication for new drugs: 4 effective drugs not possible"
"460e668f-c3d5-4bbd-b2bd-78d4fcac6de9","If yes, treatment start date"
"65677c92-ac93-4a00-b845-bc43f05ae63c","Drug intolerance/contraindication/low BMI/HIV/ diabetes"
"6ed59490-264a-447c-acf7-e06db4129c3c","Start treatment?"
"6fabbcfc-057d-4883-8b48-96671f070a24","Treatment delivery method"
"74fdc344-110a-46bc-b94b-0632ce0ab22d","Unable to tolerate MDR drugs"
"8b009550-4f73-45a6-9669-6d46f5b32aa2","DOT Outpatient community-based"
"97a64982-c4fa-4e84-be2f-fb0de018ad71","Contact with a patient with above strain"
"a86c0c33-ef55-4eb7-a0d2-83b1077cadd3","Extensive or advanced disease"
"c374eb7e-6bf3-44fe-824a-70c2c355bce2","DOT Inpatient"
"d7cd60c2-cd5a-4a2c-aaef-fec5e7069aa9","""failed"" MDR regimen"
"dfa1d7b1-7855-41ca-8644-871278ea82bd","Indication for new drugs: high risk of unfavourable outcome"
"e07f9253-90bb-42af-82b9-0da224995f07","DOT Outpatient facility-based"
"e081a67c-b413-43f2-b6a2-7884602d43a5","From areas with poor MDR-TB outcomes"
"213ef0cb-cc0d-421f-a715-aa1022a02fb6","If no, reason for not starting treatment"
"4ae65026-5d88-4ee2-80bc-7fec8814180b","Consent"
"a63f24de-7504-4985-8e33-02baa120878a","Past TB Treatment"
"2f8e53c9-abd4-4f08-8a41-a87abc453713","Past Medical History (Co-morbidities)"
"37936b58-76a1-4da3-ba63-357ac72894a3","Diabetes (Type I or II)"
"73894e95-a17c-48ff-a3ba-b213a863f0c1","Brief Peripheral Neuropathy Screen"
"7b5e597b-a87b-4618-89d4-5ca6b84c996a","Visual Acuity"
"7f52b96f-02cb-4c4a-a135-e602ec90baa2","Psychiatric Illness"
"e01d8e21-47b9-4633-b9e7-3add51ff6615","HIV Serostatus"
"e48995eb-a863-430e-b6d5-2a7e30d37080","Cancer"
"4a5d5997-4984-4743-aa81-a0dbce497590","Physical Examination"
"53793021-656c-4e3e-804e-17aea03854a1","Colorblindness Screen (Ishihara Test)"
"8fa041a0-ce44-4b85-9df3-9aa1b472eff0","Number Of Incorrect Plates"
"b47e7487-de8c-4bdd-a3b6-0612f8c25c4a","New Treatment Eligibility"
"ccf94ca2-84ca-47e3-b17b-00adc1408428","Indication For New Drugs"
"d670fc9b-83cd-4e7f-ad41-0b5656c0f870","Treatment Initiation"
"f184d02e-697b-49cc-a230-1fd895e5041a","Case Definition"
"87fbb021-380b-49f3-a5fd-b13ab1def072","Social History"
"6c565681-b4ea-4505-b35b-c0ab1c181ad6","Baseline"
"6119205c-4cad-4489-b2bf-3281382118fe","AFP"
"d0caf750-318c-4637-8c9d-c92d9f2b2e63","AES"
"0a45f075-afb5-4353-a657-de053e8f8638","Diagnosis Set of Sets"
"67fa4313-e8c7-4c8c-8177-e7bb41d57ca9","Specimen"
"8f4b2ac4-6de4-49a9-bcac-52d8153f6605","Smear"
"9f2c6216-47a8-4d2a-ba87-0a87f589f8a5","Lowenstein Jensen"
"5a7f3702-174e-4737-8dd9-9290d7373f2d","OGAWA"
"6b805028-290e-406a-bad1-200866ed01f3","BACTEC MGIT"
"c2d4fd57-a19f-430e-95de-5ddf7d3a805f","Bacteriology Fulfillment"
"c18fb201-75d1-4d49-9f8e-72c396368b6c","Sample ID"
"76bdeaa9-e53f-431b-9d7f-afb1a1267b9a","Sample Type"
"6a8bd0f8-5e8e-4d9a-a1cd-3e1745e72182","Sample Appearance"
"89a985c2-562f-4e4a-b961-7409d9736ad0","Contaminated"
"dba931e1-cc61-4913-b34b-c51041953e86","Positive"
"37ef6637-7ce7-4ed3-950f-6a855db9a751","Negative"
"4e0c81d4-d232-4cb2-a624-4fd7737f0fa5","Result"
"02e85267-cf59-4f08-bca8-7e64041b18ee","Not evaluated"
"420150d4-6a24-4395-9d10-e0f73c25fc5d","Lactate (serum lactate greater than ULN)"
"79b54711-3f5a-48ef-8696-a25e20544c3e","Hypomagnesemia (Mg <= 1.4 mmol/L)"
"bfc919b7-7707-40b8-9fa2-64ada4d84a52","Hyperkalemia (K <= 3.4 mEq/L)"
"1e127192-afd9-4463-9bd2-6c26548d857a","Oral discomfort/dysphagia"
"37dbc280-08c2-40d0-afb0-cbf4a361650b","Platelets Decreased ( < 75000/mm^3 )"
"3c6c46f9-e06c-4a78-9d9c-c67c52801c37","Peripheral neuropathy (neurosensory disorder or paresthesia)"
"5acf1062-8005-4a71-8679-28757412d9c3","Anemia (Hb < 10.5 g/dL)"
"66887183-07ae-464c-9aa5-50294ebbb136","Absolute Neutrophil Count Low (ANC <= 1500/mm^3)"
"6c1e6f69-9169-439a-96c6-84a2c7a345c4","Acute kidney injury (acute renal failure)"
"7b7ea5a6-8222-4eec-89d0-10cfef60cdfd","Skin hypo- or hyper-pigmentation"
"a81ce84d-1995-416e-ab4e-232a2a4c9690","Mucocutaneous Symptoms (includes rash)"
"ce62461d-16f7-40a6-a082-240453ffe9ac","Optic nerve disorder (optic neuritis)"
"36a53008-7510-442f-9540-b108b1b6ee61","One or more TB drugs were permanently dose reduced (includes intermittent dosing)"
"7011cbd7-c313-4bb6-b7b0-646cd2ecfc8e","One or more TB drugs were temporarily dose reduced (includes intermittent dosing)"
"17b179c7-ca16-4c93-a00d-12f2721b17bf","QTcF Interval"
"3aac848c-09fb-4c7a-840c-52fc3670b90e","Date of ECG"
"ffb38957-7a0d-49d6-8777-79f4fe319abd","Rhythm"
"58c46ea0-2ca9-4880-b44e-66cfc8fe3cf9","Electrocardiogram"
"1f8830a9-317c-445c-a619-9265282646dc","Adverse events"
"300d815a-a2dc-469e-a259-f74d032cad19","Route of administration"
"35ac02a0-bb07-4ac2-9015-c7b8e2c2713b","Daily dose"
"3b79a36a-2a6b-4f7f-8bc3-106b832d4a56","TB drug name"
"57f29887-b1af-48b8-a786-2308260edd5c","Schedule"
"0b223f47-90ee-4f52-a77c-c2ad3a25be5e","Reason for stopping"
"78e5129b-bbd2-47ac-8e5c-ed00fd573787","Start date"
"a47945f4-fab9-460e-b004-a168a822a141","Stop date"
"b21766b5-75c3-4c12-9087-8917f25a12ca","Other reason for stopping"
"0e59d508-519e-4a1f-ab67-895dadafa763","TB Treatment Changes"
"288b0183-2c6a-4496-b038-5ea311dd3934","Medication Log"
"2b45ee4b-d0d3-44a2-94ee-f239b8525952","Was the hematology test sample collected at this visit?"
"02f856e7-fb11-49c5-8b55-66d05ca8708a","Potassium result"
"05808b19-959d-4e51-ac4a-875eb351c4cd","Test done?"
"1330AAAAAAAAAAAAAAAAAAAAAAAAAAAAAAAA","Absolute Neutrophil Count"
"3fd1c7ad-7f82-45d6-912f-f84b24a5b7ae","Neutrophils Count"
"48ceb4b2-2a2c-4aec-882c-926e085fedf9","WBC count result"
"83a0a101-6512-4bb7-bc7d-f7460b8dc984","Hemoglobin result"
"a41a3f2c-3f14-4efe-b9c9-e748e911e3f3","Was the chemistry test sample collected at this visit?"
"b9da8206-4b23-4d49-9a9b-93962420255c","RBC count result"
"c162403c-05bb-4c4e-af19-556df8d6fb8a","Hematocrit result"
"c4dea4be-c47f-4aeb-ab70-e569150f64cc","Platelet count result"
"cf5be2af-08b0-4bd5-85d2-247fc85deec0","Is this result outside of normal range?"
"e4a66084-9571-4b56-a79e-e0c770e8a0a5","Unit"
"15705213-f6ea-4d12-8fc6-9e8e5e1a22fc","Unit"
"2991f642-70f2-4727-9d0b-5eb26b465518","Was the baseline screening test sample collected at this visit?"
"29a59fe2-7f9d-478a-9881-17dc0d9df16b","Creatinine : Unit"
"2b82d1c2-0bde-4129-baef-3328487acd47","What is the upper limit of the normal range for this test?"
"2e975663-ca98-4a5b-bdb7-3b56b1e10175","TSH result"
"387e8658-17bc-408c-84db-5eec83396204","Pregnancy result"
"3b16ef03-7198-4482-bd8d-971430c02f8c","Total Bilirubin result"
"4114acd0-3d93-4b01-8294-cb3bb6a74193","Creatinine result"
"44ebd1c0-0350-44f5-95a1-43d8d6853254","What is the upper limit of the normal range for this test?"
"6ca02e44-0d5d-41cf-ad2f-866316d23f88","What is the upper limit of the normal range for this test?"
"6e8108d8-b1f8-4891-bfac-1f0ff60527f4","Glucose result"
"8086bd1a-48a6-4294-a5bb-c70c03c5f908","ALT result"
"87876841-0e92-44e0-82c2-d11cbac91506","Unit"
"8d2e1708-2b21-483e-a61b-97284ecbd247","Urea result"
"9ee6c4b1-62b0-43bb-bd2c-b2442eb947da","AST result"
"e2797150-b979-497f-868a-7f96a5436edd","Unit"
"15ce8638-45cb-4ed3-9c54-40ed983a3c9c","HbA1c result"
"5284cd1e-b849-4bc5-b63b-5ade74af76d2","Hep C Antibody"
"71700424-e709-4f6a-ba4f-000bdcd12220","Unit"
"affbc419-ed17-4616-b278-3406693c5927","CD4 count result"
"c556ca20-63f9-485c-ab7b-067584b79ee6","Serum Albumin result"
"e2e2a7c9-ba80-4375-b036-afc1c00096c5","Hepatitis B Surface Antigen"
"eadb6260-0861-4c1c-b7cd-810e724b73be","RNA VL result"
"ef9accb3-7384-458f-88bd-0c9541900ffa","HIV test result"
"02ec1a46-fc60-4141-85e7-772023d62555","RBC Count"
"bd23e366-3aea-4457-a248-9a1d0ee2d0bf","WBC"
"c4214e53-fc5d-4b89-b5a7-f67b1e024a57","Hematocrit"
"d7720b00-63d5-4efe-955e-42997339e228","Platelet Count"
"f3eb1506-4f20-4ac1-b0b3-219759d1957c","Hemoglobin Details"
"75132b86-5bd4-4fa3-ab4c-2432b55efd81","Absolute Neutrophil Count"
"b6099862-331c-41cd-8336-f828963cfeaf","% Neutrophils"
"09563914-ef4e-4cc2-a01a-0d963c03ab8e","Urea"
"0db73750-641c-4c9d-9e50-9a5364cf3aad","TSH"
"32f187fb-6610-4683-9cb3-edf99ba3ebfc","Haematology Results"
"4b00343d-b85d-4fe3-9b27-69fe3dc1c201","Glucose"
"6757e60a-2a17-407b-9ab5-d600722a588f","ALT (SGPT)"
"7ccdaeaf-91f6-460d-850d-00d69e2e3906","Creatinine"
"bb4c8d12-e60e-49f0-a335-e210e734a151","Potassium"
"df450b5f-2f5d-455e-abf5-5398c3ee4f2d","AST (SGOT)"
"024a2ab5-7f3a-4a47-ba1a-ae6cc9804aa4","Serum Albumin"
"2adf5581-2100-4566-bcac-d105e4ae23f9","RNA VL"
"30f4ed06-a3fe-4ed5-9dea-0f413db5449f","Hep B surface antigen"
"34c5facb-3075-46de-ae3c-60f319eb946f","Hep C antibody"
"369b3776-a18d-4008-9306-7ba7bc5a4a99","Urine pregnancy"
"57719625-1a05-4092-b72b-18e4a15cea5e","HbA1c"
"59c5fed9-cf33-4db6-9ef4-f05a6500e8fd","CD4 count"
"776427a2-14a9-4795-9362-a6ce1f91d648","Total Bilirubin Details"
"980b5f63-10de-4919-b62c-4baecf3942a2","Biochemistry Results"
"baa4f03b-bf48-4bad-a3c9-797474612a73","Rapid HIV test"
"38821236-90d7-4a88-aa89-2045106e8809","Serological Tests"
"3bd473f8-5d1d-4c37-81b1-e09d61d093d7","Lab Results - Hematology and Biochemistry"
"c07556e7-7aba-4a70-9c6f-018607bc8108","(A) The AE met the definition of an SAE and an SAE Form was submitted to the PV Unit"
"edec38b3-3294-4f38-a15c-c228c1cc9bd6","(B)The AE never met the definition of an SAE and an SAE Form was never submitted to the PV Unit"
"e811c342-3250-4c07-9f37-b35624319e04","Lab Results"
"2fdfb62c-b6a8-4e51-a731-f19a0f9db2e1","Aerosol"
"38fce9d2-609b-42d9-bb52-f7159f93e86b","IM"
"b0ec1193-dee4-4aea-84ab-f0771b006b9a","IV"
"df4f584d-247b-4319-835d-de38dade7fe2","PO"
"f25cd3b6-efe7-4d3c-8300-8bc0edbc4714","SC"
"83e44321-2551-4683-a27d-378837a13461","BMI Status"
"c4065ae2-ad5d-4f89-bbe5-8711ed9ee8c6","BMI"
"e5df9ed7-1783-4c46-afc5-c0154a96cf08","Single"
"c455f764-c416-42c5-bc5d-e0823656d805","Date baseline assessment"
"bb2d78e5-f91b-4b94-b9e0-47fd38a8ad6f","Last Drug-Resistant TB Registration Number"
"54377652-3f60-41d4-b9bb-cdf83a86950a","Breast Feeding at Treatment Start"
"0d7eceda-56ab-43ea-893c-0095c0c1b8dc","Method of confirmation"
"74f1b5cc-6503-44de-815d-e517597b6a4e","Smear"
"1044b78c-e4c4-4cbe-b9ba-724149f60f24","Xpert MTB/RIF"
"15635042-cb35-4a18-a75c-2653c15eb3c8","Hain test"
"7a96db15-0d98-4c0d-a615-a62a4806dccb","Culture (solid or MGIT)"
"48b8d9bc-2d2d-43c0-aea9-8c10f84cbbbb","Other method of confirmation"
"d631d215-692e-45fc-adbb-786c86d36dd1","Visit Date"
"7a91906f-bcb0-415c-a782-4220ff3f49ba","Which month"
"5748bc92-880d-4c4a-81ab-0ef3a848f92e","Facility"
"95796c2d-85bd-409d-8535-1356006db69d","New SAE Case Number"
"191583a9-999c-4467-a753-6d3909c92c38","New AE ID number"
"ce11acd8-0729-44a4-ac98-9451ab55c8b3","Rhythm, if Other"
"78eb882e-8b23-4062-af29-2890d51974c7","Heart rate"
"160597a5-792e-413f-b688-4d1a73467863","RR interval"
"8150435f-5694-45f7-81e2-93a23778549c","QT Interval"
"1fd668d4-a9ed-44df-ae9a-0bbe04516aef","Type of regimen"
"41df7135-cca7-4c37-afd2-c19b0a71098b","First line treatment type"
"ffeb496f-98ca-4f92-ae91-1872b4b2ea72","Second line treatment type"
"6cc75455-3474-4703-8ddf-5a8f7305fe05","Non TB drug name"
"9f33c217-d742-46a6-b764-3603cb3d1463","Start date non-TB drug"
"2bea1f76-f91a-4c6e-ae38-0da1cf6b52be","AE ID number"
"2288cd96-60e1-4d92-9e30-879d0b917989","Reason for administration"
"1f010305-cab2-43f4-88ba-c9a966e7e71c","Stop date non-TB drug"
"fe1fc436-856e-4d3f-9795-41b3f6c954eb","Self administered treatment (SAT)"
"39e54ecb-6af7-4fc3-9276-b62a364c3d0d","Other treatment delivery method"
"c35e626a-f9eb-401c-a7a6-e8a74bbb8837","Treatment facility"
"b0853e07-5fe5-4e57-b4cd-91e88647e55d","No Food in House"
"42f13c37-3636-4b29-85de-c97e0109ebe6","Hungry at Night"
"e11e743f-5b95-457c-9770-acb1ddd5d7fe","No Food for 1 Day and Night"
"3890cb3c-ab3a-4932-aebf-561b2ed90d60","Last Drug-Susceptible TB Registration Number"
"18278ac3-4534-4b60-809f-123f618dbf90","Start date of past TB treatment"
"fd549667-a802-44a3-a69b-10c5ebaec6a2","End date of past TB treatment"
"7b227eea-632a-45fb-bcf1-af92ae0ba11a","Type of treatment"
"707645ae-3ef8-4375-97c4-e2fe909851e8","Past TB Registration number"
"575a21c7-f160-4a9a-bf98-c4ac82d820f5","Regimen type"
"13ccb7ce-52fc-4e39-9fa2-767675ef0b8d","Past TB Drug regimen"
"1484c3b6-d11f-4a04-a5b3-370da2027b27","Past TB outcome"
"c09d663f-30cc-483f-9b44-503afb1eaec1","Past TB Treatment Table"
"351d2310-a2d4-44de-b9b9-b0fcd6703696","HIV number"
"5b77641c-3ac3-43de-a12e-3360d753403d","Existing neuropathy"
"1bec03f3-0f29-462c-910d-8a0dc050f949","1"
"86c295d7-502e-43d3-819b-ed529dc15d82","2"
"fec3b190-c6b3-4cfa-a2d4-deaf0f1e6f64","3"
"42855619-c4df-4924-b662-2bb0dcf93ceb","4"
"79b0373d-dc52-4cb1-b901-5974557d7e93","Neuropathy grading"
"623e91ce-8b21-4a6b-af77-c3d00a9993e7","Other pre-existing disease"
"8d3c7f8d-10c5-4a07-8f99-7fcb05f91547","Date examination"
"64bffea7-f0bb-461c-8b2a-5d41681f202c","Left"
"8f970e6f-a471-411b-9e5f-d5b7a4fd55a1","BPNS RIGHT pain, ache, burning"
"303a6ffc-ffcd-4e5c-9f21-e372add58f56","BPNS RIGHT pins needles"
"5139abee-d6a1-4d1e-911e-eb532ef996fc","BPNS RIGHT numbness"
"4e32e93c-c162-4a05-9770-7d3647788d47","Right"
"1c54bbaa-8ff7-4dfc-a98f-26f5bd86f051","BPNS LEFT vibration"
"cb3d99ac-089f-4c84-b1c0-a001b4d25d3a","Felt > 10 seconds"
"5f34db7c-8703-4aef-9ab0-ca871bb977e7","Felt 6-10 seconds"
"543290a6-75d0-4b9d-b1b5-11344fed86d8","Felt < 5 seconds"
"4bf9adf9-e07b-4ee9-91f4-72835688e882","BPNS RIGHT vibration"
"3483fcb5-3f4e-4f9c-a453-9692fb4b17cd","BPNS LEFT reflexes"
"67dd2abb-a239-4f03-9fd2-e8ab57b5ead2","BPNS RIGHT reflexes"
"41d57106-32a0-4508-89ac-623fbac45437","Drug resistance profile"
"0c754ca0-fe6c-486e-87a4-db848a2ccecf","Sub-class of drug resistance profile"
"f04702bf-0296-4ab5-af47-2644f67f905f","Sputum Test Ordered at This Visit : Smear?"
"ba1e43c1-27f3-4c11-9b41-bfc10fc45f2b","Sputum Test Ordered at This Visit : Culture?"
"0d61401a-d591-4452-acb4-346ba2ba9f9d","Sputum Test Ordered at This Visit : DST?"
"45f3f196-6b2d-4791-80dd-41f701df1361","Requested Tests"
"de46d166-0b76-49bd-b360-a634598fe123","Type of visit"
"393e2400-69e0-4a6c-93fb-37cdfe8000d1","Change in TB regimen since last visit?"
"38ae0acd-0939-4a62-9d5e-fe56cc6e626b","BPNS LEFT reflexes"
"bacba565-8f27-49fd-8116-aa3389a04753","BPNS LEFT vibration"
"0ff88adc-3f9a-4e03-87b8-4ee1ece13303","Left"
"611be430-f7dd-4418-9b46-4d4a3ff588ae","BPNS RIGHT pain, ache, burning"
"bab36d3b-b98f-431e-bfa7-a50592aa7ce3","BPNS RIGHT pins needles"
"c481bc6a-f126-4203-9117-a983c5d568d8","BPNS RIGHT numbness"
"6b95b70f-141f-474a-829c-36667a717836","BPNS RIGHT vibration"
"546f91be-5ac1-4621-a297-33bd2464f53d","BPNS RIGHT reflexes"
"081ca012-20a1-4d91-9bf7-435c840a75e9","Right"
"48e34c41-dc98-4e77-8275-54e46ad21f08","Optional Followup Questions"
"4e973e9e-c1e5-4c8e-9157-709a6ceae46e","Date of hospital admission"
"5e3fe181-5df5-45b5-8a69-feaead329f8f","Sputum smear ordered?"
"81508b88-9060-4db5-9def-a51f68b6c3d6","Sputum culture ordered?"
"02779663-226e-4e05-b88d-25d0a411b3d3","Sputum DST ordered?"
"21bd9196-5d61-4e6c-bcae-69d41bed4c53","Alcohol intake?"
"45731ffc-08c3-4297-9301-6447380ab937","How many drinks per week?"
"59243513-cd6a-448f-ae25-04b63c21f4de","Sputum Test Ordered At This Visit"
"3f6f8493-a88f-4a6a-ade1-46a1788d75d4","Type of visit"
"a9dd59a3-48a3-4d6b-a7c5-1243c7af2928","Lab Name"
"017cd9b9-3a0c-4f49-aebf-360b9e3f4035","Lab identification number"
"b8132315-27e3-4d77-a74f-c2d097292f85","Sample ID #"
"ae52a55b-0911-480f-9c6a-7e3af4e81bf5","Unit"
"f1f8dea6-28e0-4e15-9024-7aa2c7a20665","ESR"
"0569ba37-a589-46dc-be72-2bbcf307884b","Sodium"
"45358ba3-509e-4b95-90ae-8b97ce93a52c","Magnesium result"
"758ccf9c-1c2d-49b9-a610-cb0cf6d71aaa","Ionized Calcium result"
"a4c38777-de22-4086-ab98-e5f9501c3a39","Total Calcium result"
"0521cf87-5f7b-4b77-a918-3da05409bc9c","Creatinine Clearance"
"67934033-0b7b-49e6-bed6-3b46ba016cb8","GGT"
"7e9c962d-7ade-4972-ae64-53bfa1aaed3f","Alk-Phosphatase"
"1fcf14ae-48de-4ff0-a886-5669066b2270","Lipase Result"
"93460b08-c29b-4bf9-9948-dbff55513677","Amylase"
"05faf1ea-1b15-42f5-9a31-3d547b932d1c","Creatinine Kinase"
"7e38b7bd-a950-447b-82b5-1a2c6539a76f","Conjugated Bilirubin"
"64593631-7428-4037-835b-ee42e078be57","Non-Conjugated Bilirubin"
"6033254d-4b66-43b9-b562-38196860f873","Uric Acid"
"5e19c64c-2c98-4976-9ce7-af188ecfb6e4","Glucose (Fasting)"
"92dad43e-afb4-4f40-8dbb-a6b33ec38231","Consent form upload"
"152ee077-f6a8-4802-8ac0-735888accf5d","Visit Details"
"1fe36c37-f0ce-4b87-b61c-12a3424024e0","Non-TB drugs"
"2fde62f0-aff6-42d3-a03e-e25564180ec9","Type of visit"
"b8db2240-ae01-48f8-9886-87bc2daf2016","Which month"
"84e89899-22b2-4aea-8a5d-4107efc6494a","Sample details"
"7707a382-ad3b-44f5-a82e-8ee334e3b901","Glucose (Fasting)"
"494a0ec9-b831-49a7-9858-1fb4cc2ecc39","Lipase"
"c6dc0498-54be-47bb-b686-6d5898b4c84a","Magnesium"
"6769c931-2f77-45a8-b003-45a674bebf96","Ionized Calcium"
"28dc72a5-86cc-481b-9b5a-d2241120b9fe","Total Calcium"
"1fd7e0ed-c576-4515-a47f-31298db0e9ba","Test Name"
"eb8de73e-42d4-4dca-a42c-f7c8a213f7ea","Test Result"
"f00206fe-a3d7-4c94-b92c-bd11e167fad1","Test Unit"
"d46b781c-c1a6-40b9-be07-eaebbb975b11","Other Test Details"
"da363695-348c-4e3d-b8c3-359488c311fb","Type of visit"
"2b4d2192-b871-4fce-9e99-f39762efcb66","Audiometry date"
"25add77a-8f66-49e4-a000-30728af989e2","Left Ear : dB at 250Hz"
"e271ddbf-1521-4de1-844a-86fa41932534","Audio assessment comment"
"3c0d09c3-df30-4c9d-b60e-dd50eb24a10f","Audiometry"
"e5eb9144-c3dc-4c15-bb5e-28dbe3f6ccfa","Eligible for new drugs?"
"ff7ee925-c1a7-4e55-a8df-beb1f06552a3","Type of visit"
"cdd41dea-047c-4d11-a20f-2cb8243a804f","Assessment date"
"3eb26e5d-34b3-4580-9191-2935cc9f7b37","Performance Status"
"517c3b50-eaed-4581-8fbe-9c0a9358943b","Hospital admission date"
"238dfa34-33e9-4afb-bef7-7e7dbeabd8d1","Hospital name"
"564a0195-ebd3-4ebe-bce3-727ad97d1170","Admission diagnosis"
"66803c50-8a92-4dd8-8cd9-401efef7f8a2","Hospital Admission Notification"
"7f1d939b-32f5-4c47-86e4-dae10d58e306","Hospital admission date"
"922b9edb-ce5c-4f02-a5b1-ef82b4818102","Hospital name"
"60e9ea14-0cb4-418f-b1c0-3d876316b7c6","Hospital discharge date"
"8ed62df1-ae77-4164-9525-1e0772d581f4","Discharge diagnosis"
"2b7504e8-c17e-4a22-b1c2-b852da875165","Main reason for hospitalisation"
"338586c3-4fd7-4c7d-8155-02ba49561e4b","Reporting New SAE?"
"fc589c5c-c83e-46f3-8c82-62d8a5abfc56","If AE/SAE then Case Number"
"d05b5416-16f9-41af-a6bb-bf3dc4ca9300","Ongoing AE/SAE?"
"4b94baea-b8c7-458e-bdd3-3c2fbf0352af","Existing AE/SAE ID number"
"43450485-7ec4-4eb8-b8ed-db204b0a3c7b","Medication change?"
"ccd51b71-2dc1-4525-aafd-5155455c67d0","Did patient have TB surgery?"
"35acb56f-3549-497e-9220-5eb100e91aef","Date of TB surgery"
"6c8f046b-cd4f-4ccd-a9d0-c0bb66cfb7bc","Type of TB surgery"
"31898646-3da9-487c-9e68-7f3994630026","Side of TB surgery"
"aee0c6b9-c668-40c9-b46b-be550cd2c464","Other type of TB surgery"
"c1e2e8c5-bd29-4c39-b1f0-cf2327a13a9d","Indication for TB surgery"
"d42a4289-10ec-4399-b912-590d1a6719b3","Other indication for TB surgery"
"36594d88-eb9b-4fe9-b0d9-699c456be840","Hospital Discharge Summary"
"d653dfd1-c314-4946-984d-f5ac23b730f4","Treatment Outcome Decision Date"
"ef69d778-bc5c-45ca-aa21-b234d51e6dec","Outcome"
"1543AAAAAAAAAAAAAAAAAAAAAAAAAAAAAAAA","Date of death"
"312ce815-d27c-4089-80b8-45610ea18dc1","Cause of death"
"ffbed515-41df-4736-92f9-2d1a57940cc7","Type of surgery related to death"
"b72dab95-a9c4-48de-9d05-6805e45d9fc7","Non TB cause of death"
"2d0a8d0b-37d4-463d-8a62-a2700a074b08","Reasons for failure definition"
"a65a2a1d-cfe3-442b-9683-7b2063bbc3c6","Other reasons for failure definition"
"a89630a2-1f5a-4cf7-96c2-0e8679483ac6","Reason for Loss to Follow up (LTFU)"
"34b1cc3f-5034-4496-92c4-fcca882aa078","Other Reasons For Loss to Follow up (LTFU)"
"3612aadd-1f3e-4bcf-b730-abf1139de98c","Additional Information For Loss to Follow up (LTFU)"
"02430294-eb72-4154-affe-d17597924670","Transferred?"
"c2db595c-818e-48d3-a4ec-2b2a0ed90d22","If Yes, Transferred To Where?"
"234754cd-dd8a-4687-8922-0ec6153c0b35","If No, Other Reasons for No Evaluation of Outcome"
"bb80d45d-e4c5-4ce0-bb7c-0a34d2635ea5","Outcome - End of Treatment"
"87cf0187-c1f1-4e1e-a340-64856e45e023","6 month post treatment outcome date"
"dacf7c58-49a4-4c40-8c54-733931ae9b08","6 month post treatment outcome"
"9da85962-5965-415a-b5df-89a08052b5b5","Cause of death post treatment"
"b5d76729-5b6b-4175-9661-84ee4d6ac6a5","Type of surgery related to post treatment death"
"3d052998-58ba-4b8d-8ce8-5cbb3ab107fd","Non TB cause of post treatment death"
"4aa6c1cc-204d-4382-b27f-8e9e74743674","Reasons for no post treatment followup"
"518bc972-4d93-4c82-9ba6-7af1cd40b478","Other reasons for no post treatment followup"
"1724dd9a-3dc7-40a2-8841-5253f00ff9ff","Loss to follow up Post Treatment Comment"
"7fc89d51-2b1c-4b1e-8a15-c9bc1d859eb8","Transfer out post treatment?"
"fca290c1-c4f6-4613-a467-1ce0703a3859","If Yes, Transferred to where post treatment?"
"dceddfd8-b86d-4eb7-a214-90356ac0951a","If No, Other reasons for no post treatment outcome"
"e10823bd-2991-46ad-a846-05d8d1f9ac42","6 month Post Treatment Outcome"
"d5e9a429-178e-40f5-a84f-2f732ffe4819","Type of visit"
"97689468-b7e8-4975-9aba-5dc5edba8e4f","Month being reported"
"9dbc1335-a95d-4cfc-87b4-00e9f4011434","Year"
"776f73da-9fee-470f-bb73-ac963c4319e6","Treatment delivery method"
"f31edf6f-ac9f-4590-9083-0697fb05b12a","Other treatment delivery method"
"771532de-9959-437b-8dd3-10219f7d3ae0","Ideal treatment days in month (a)"
"79bf31e9-b794-4188-97fc-a5f6a8b3f7ed","Non prescribed days (b)"
"28f15ee4-5009-4f17-954f-f392159fe105","Missed prescribed days (c)"
"c309fe72-0965-4801-9fb5-77634e064ec9","Incomplete prescribed days (d)"
"d984b43d-0bd4-4946-a601-221c571c58c5","Fully Observed Days"
"5787cf61-238e-442a-bf19-a0ebae0ff31c","Completeness rate (%)"
"fa434ea5-b8cc-4c30-9638-bce0dfeb150e","Adherence rate"
"7afe2396-a8c8-44d0-9a8e-0304991c63ed","Principal reason for non complete treatment"
"daf6033e-bf02-4aab-9988-949b81f071f4","Other Contributing Reasons for Non Complete Treatment"
"1bd3ca4c-fc63-42f5-a1db-a6eca8839ebc","Program related"
"1f4ad0a9-ea68-4ef6-bafa-3bf3f9f332a5","Medical or treatment related"
"a2f9c7f8-07bc-4e5b-93fa-391b2547725b","Patient related"
"d5058e68-4a18-4b1f-900b-c1d9d487f4d8","Details Of Reason For Non Complete Treatment"
"f2a585ac-3b95-491d-8f8a-a8d7c6785b9f","Other reasons for treatment not being complete"
"e66b9a70-b06f-4f67-87e4-c6913b6ad07d","Drug name"
"20799fcd-1533-4bf3-99a5-848d01860ee6","Prescribed days (f)"
"01bf2729-e05b-43c5-af05-8bfd782c5298","Missed days (g)"
"8743457d-62ba-4e15-9e16-5bb24b1b3760","Observed days (h)"
"0b98b0ee-444a-46f4-9f4a-6d341f6fd3c0","DOT rate (i)"
"f881546b-3830-4831-bb1d-d462ee6722aa","DOT Rate"
"3b61c830-9d24-48a7-996f-41991324af51","Monthly Treatment Completeness"
"b80d122a-e6b6-447e-9ff0-53314bd772aa","Chest X-ray ID #"
"46e85f49-6b37-4366-a87b-9e1441e9e5df","Which month"
"cbb6fb0f-4580-4d63-94d4-e61693197d9f","Chest X-ray Date"
"48b72613-0bd9-420e-93a6-164935605d26","Extent of disease"
"9de7066f-10d9-4b36-ac0c-5ec4775a2146","<5cm"
"4937d2a8-18c1-4daf-8998-167d02379813",">=5cm"
"514b77c1-4021-479a-9ac9-9136a984b8df","Maximum cavity size"
"577e9721-ed9a-4c32-91fd-c0a9fe049ae5","Fibrosis"
"2bc20fb7-259b-45f1-9dac-647ba86857d0","Comparison with last Xray"
"9d8a1e2a-14cd-441d-92e0-bc8a3cd69a2e","Cavity left side"
"d96e558d-29e2-42ff-b5ae-2a91950a61b0","Cavity right side"
"2dfa44f9-e1a7-4f6e-a8b2-cf7f9896c235","Maximum cavity size left side"
"e07883ea-f61c-40fd-b182-d99428b55058","Maximum cavity size right side"
"b3705752-fb40-419d-8fed-b76a1d460dd5","Fibrosis left side"
"97345614-9f41-4751-89d5-692bbf2c411f","Fibrosis right side"
"e32d789c-368f-428c-a78a-21d1168fd740","Infiltrate left side"
"352599c1-0249-49c2-9b4a-b6e4a4f921fd","Infiltrate right side"
"ee9ec2b5-4c3b-4f15-a21c-46d71fa1c3bb","Tuberculoma left side"
"eea37460-511f-4d94-8833-c2422ca5ff9d","Tuberculoma right side"
"e978bca6-3ebc-4b87-b97a-e621c5cfe3d0","Disseminated left side"
"303bb76d-1330-437e-971c-d343aa4023ad","Disseminated right side"
"f917a185-a53b-4a56-b297-4f8f219ddb54","Nodule left side"
"a4099c23-8e70-4488-9241-582aeb6bb5ab","Nodule right side"
"6320d1e0-6935-4d4a-b870-fb191d533db2","Pleural effusion left side"
"ecda03dc-ec8e-408e-9d85-d5c9e4f555b5","Pleural effusion right side"
"a9a78898-d112-4b88-a44c-d18715feac03","lymphadenopathy left side"
"9292bc9d-12a5-4906-8e41-57f902063ecc","Lymphadenopathy right side"
"819880fa-0479-4a94-abc1-51851f38a3b7","Pneumothorax left side"
"a1082d1c-574a-401d-9cea-cba3192bc60c","Pneumothorax right side"
"ef75b0d1-2c4c-429f-9491-6bab3b2f3351","Miliary"
"995c4a4a-8d90-4ba7-9a90-ca76fd576837","X-Ray and Radiology"
"d7e46f02-fd9a-45ee-9df6-fdd5713e682d","Is pregnancy reported in a patient or partner?"
"284ddb14-d617-498f-a044-3d8a01ddadde","Partner intials"
"af07cd78-a46c-4043-8356-1f874a2a1e93","Partner date of birth"
"30f170bf-b7a3-40ee-9bd5-dd305aa35048","Pregnancy case ID number"
"04e389a9-4c27-444f-8a0c-dfeb8f6a3756","Date reporter aware"
"89b07f1a-53e3-417b-921d-846057c3e4c4","Estimated date of delivery"
"4810d010-1603-4745-acbc-d152e9b4fa4b","Drug name"
"7cfac255-d083-47c3-a4f5-a4e93abb85f2","Dose maintained"
"51acb7e6-16aa-4512-98c9-f4100db06672","Final action taken in response to pregnancy"
"fa9e5fa7-b480-4978-981b-563e4e0b4376","TB Drug Exposed"
"350d7699-f3e9-4fcf-b473-8fce42955a9b","Drug name"
"944d96db-191d-460a-ac4e-d1871b04aff9","Final action taken in response to pregnancy"
"4f0704c6-8ee3-4051-b1cf-cf88f03d4888","Non TB Drug Exposed"
"d8193261-54e5-4952-8834-2b8f8fde2443","Was there any complication during pregnancy?"
"5023a8bb-596c-45f7-927b-f86f03eaeea4","If yes, explain complications"
"834f7e5c-fd1a-4067-bd14-0ba3b20cb148","Did the person give birth to a live child?"
"c62c650e-cc90-41e2-b605-e2a4fc1273ac","If yes, date of delivery"
"63a35f5c-31ba-4fb4-9a9c-1ac40eebd700","If no, reason why"
"495725d2-7ac9-4c85-8e9e-6364544986d1","Was infant normal at birth?"
"214d1e2c-bb50-4bc5-9c7c-f3f057b42db4","If infant not normal at birth, give reason why"
"9095f2d1-cbc9-4653-87ed-c20458f34bcc","Child sex"
"ab2a41ef-5d49-4392-9ec4-2bba9ce2c130","Exposure During Breast Feeding"
"84784c51-b398-4d82-83a0-e9184e03228a","Infant Details"
"a2dc7a94-c644-463e-a564-33f08270fbd7","Birth Details"
"9e093c61-f79d-498c-bb1d-2d073f74c5fc","Outcome Information From PV Unit Summary"
"e77b8214-77b4-4435-a9a8-e8f328485c18","Summary Information From Pregnancy Form"
"fdedc3a8-0a21-44ff-822c-ac1eb47ad5b1","Pregnancy Report Form"
"0a50e748-831e-41c6-85c7-55d22193b57f","Xray image"
"dc22aeb8-be33-4a04-a686-3ec97b823dee","Respiratory rate Abnormal"
"d0c6dfa5-7b7a-4215-92e9-3faf9de1fa63","Respiratory Rate (RR)"
"7ee8906f-6211-40de-b50c-6f333b4e5963","Type of visit"
"b76c57f3-6464-4c81-8146-9e20069f1a09","Which month"
"8f0af6c9-8959-4fa2-a5f0-cbdc1c8a999c","Laboratory Name"
"b83e7bea-1111-420e-a7b8-fc8cb31d1fe9","Sample ID number"
"20ea0455-4d2e-484c-a314-210dc6bd517b","Sputum"
"b2a044d6-6d4f-403b-a321-47d34c620b36","Pleura fluid"
"4cb6eb5d-d9e7-44fe-9b00-89500f79e8a1","CSF"
"4aabb71c-ccb9-4754-9b31-5bb8baff7e55","Gastric aspirate"
"a5b9c80d-d1f7-4970-9c9a-b77adb0438ef","Urine"
"7c21355d-3281-48b8-97cd-f8e066dc0ed9","Type of Sample"
"26a7995c-369b-4b70-bb40-c5747bccef36","Other type of samples"
"cdd85aab-7feb-4f85-939b-7affca2e232d","Date Of AFB Smear Done"
"c5d787c2-3476-4ac2-bd7e-a47d06ded247","Smear test ID number"
"99a45ed4-01d8-4203-8132-b9d26063e138","Smear result"
"48e4d05e-d31d-4b24-b7da-bfa377e124b9","1+"
"44f37543-c5f4-4a16-a369-a43eea647133","2+"
"3cd6ca33-de53-45c3-bfc3-d922ad72f768","3+"
"3087fcae-05e0-4b40-ae35-230a3acc1a52","Smear result positivity"
"f4551f93-3189-45cf-affc-9696c54f3dee","Date of Xpert test done"
"32d2c3fe-c768-430f-bac0-a3bf2c94c480","Xpert test ID number"
"e0678def-3934-45d3-9584-e5ea4db66893","Xpert MTB result"
"e79894b9-8406-4088-a99e-d3edd9f16738","Xpert MTB burden"
"e5bec4ae-acc0-4306-b9e5-0d86d331d68e","Xpert Rif Resistance"
"f3cd60a9-69a0-4ef9-8267-fd052bb61bce","Date of M.Tuberculosis Complex Done"
"25881d88-c016-41a1-a4ec-b9fb2f483691","M.Tuberculosis Complex Test ID"
"7075e067-2de4-410c-91fa-780fddc8746d","M.Tuberculosis Complex Test Result"
"223fa1ce-e9d1-4101-80e5-ba3932899fe4","R (resistant)"
"2fe25253-0789-4c84-a02e-f04c7743bcab","Isoniazid Result"
"159162fa-6b10-445e-867b-a4b8eb244e35","Rifampicin Results"
"904a4914-abc2-4ed7-9407-06de9fd21230","Date Of HAIN MTBDRsl Test Done"
"355ba3c6-de2e-45be-97d9-8550e733a04d","HAIN MTBDRsl Test ID"
"f864acf6-6802-4f7e-8061-c74d3cf87f48","M.Tuberculosis Complex Test Result"
"6b64b5bb-8945-411e-a212-91399807ae50","Fluoroquinolone Result"
"5ac6c408-6f9f-4fd1-94b6-48910a546918","Aminoglycoside Result"
"34197cdf-a0e5-4415-8602-322bdafda104","Date Of Culture Innoculation Done"
"43be0150-402b-4d80-adf0-22a07edf68b3","Culture test lab ID#"
"41af2103-ce94-470f-8666-8e85ed2eb271","Type of culture medium"
"aa93260a-d95a-4a61-8b89-7ea7a5dfd7d0","Culture medium if other"
"7a1d53e0-068c-4d6a-bd4f-44772d5c04ac","Culture Result"
"b129674b-7bd7-45a0-b00d-1eab9f1554ea","< 10 colonies"
"12e9abc0-de27-4ed1-a916-417787013587","1+ (10-100)"
"50f3d449-2cc8-4996-a8a2-34abd9c86183","2+ (>100)"
"d3daa561-d606-48c1-aa80-1fc2cbe073f8","3+ (>200)"
"3b1fbadc-9ca7-4b36-a1d6-8f0d3668f3cc","Number of MTB colonies"
"e0921371-d376-4fbc-adc0-9e59627b9d6b","Type of media for DST"
"8a8e95bc-561c-40da-88db-8e22d234b3ef","S (sensitive)"
"8f091eaa-deec-4b25-bf7d-4dbd1490b962","H 0.2 μg/ml"
"5eba5e83-6c4a-4ef2-99fb-121d9d36764b","H 1 µg/ml"
"b2576ac0-1848-4911-8b34-7260228090cc","R"
"bb5eb5b1-7c26-49d3-afe6-c2607aca76c6","E"
"fbd41f52-9312-4be4-bdc0-5b17329e7e4b","Z"
"6bccb568-43a3-45e2-b5e5-2ea3c20ae664","Ofx"
"d467ae33-b0b3-4c45-ba9f-f064d95d77ca","Lfx"
"379a37a2-a4a3-40ed-acdb-818060bea3db","Mfx 0.5 µg/ml"
"ba91be7d-54ab-4229-a299-ae97d6d975b0","Mfx 2 µg/ml"
"302701fb-c806-4709-aafd-c2303a54b74b","Am"
"3f37ff1c-b27b-4e45-a345-5edb97242a85","Km"
"c49eeb03-8ea8-400d-af6f-ae156098971f","Cm"
"286c9992-176b-4c87-b8c1-7a0f6a571404","Eto"
"8effc37d-74f1-4e04-b802-b6c1d343cc6f","Cs"
"aebd0939-cee1-402c-b627-b7fcb94f3722","PAS"
"88d3bd17-a90c-43d9-99ae-1a78d6368518","Drug name"
"26ac3f67-143f-4d42-88cf-4932f31e1627","Drug result"
"3b02af70-4d10-46fd-b37e-7188abd5c5c2","Other Drug"
"1cebbfec-b036-4eef-b550-8b9d629ada5d","Drug name"
"e95f7179-4f1f-4804-8b65-8375908c65f9","MIC technique/medium"
"3b8eded6-6ade-4009-9422-7104313241fe","Minimum inhibitory concentration"
"285c1a79-0f32-4b43-b8db-cd2dab38d27a","MIC interpretation"
"90377062-40bc-4a85-9455-91b8d934ecf4","DST With MIC"
"05c72ff6-9513-4770-9f90-c241742d4ed4","Mixed mutation/wild type"
"408d7bdd-efb1-45e5-9ad8-f057cc4a39e5","Gene name/locus"
"259dd81d-179d-4aeb-a867-3542fee9b735","Mutation result"
"dd7ed190-7eb1-4cb3-9410-808b9b61e4e4","Sequencing"
"5702066c-6214-4397-b2b8-ce9c5c44d75f","DST Results"
"df60db89-ae5e-49ab-8d12-7349898b29d9","Culture Results"
"63467800-bd3e-48c6-afed-ef538334f52b","HAIN MTBDRsl"
"2c4d8cee-3aae-41c3-85a4-5005e4583be6","HAIN MTBDRplus"
"eb9a9952-d772-4354-a32a-3f54a21e0567","Hain Test / PCR Results"
"dcc401c9-7650-46c2-9b0f-0e16685c9141","Xpert Test Results"
"ef0b7642-a852-433f-922f-585fdb57b304","Smear Microscopy Test Results"
"05fb0515-abe7-40ca-b0e0-964146cd378c","Sample details"
"0652c77f-6ac6-4499-a93f-37fb4a40ed3e","Bacteriology"
"7d28552b-7234-11e5-af64-0050568236ae","Bacteriology Concept Set"
"7d28e8f7-7234-11e5-af64-0050568236ae","Sample Collection Date"
"7d3309c1-7234-11e5-af64-0050568236ae","Sample Source"
"7d33d700-7234-11e5-af64-0050568236ae","Id"
"7d34a176-7234-11e5-af64-0050568236ae","Additional Attributes"
"7d34ec7d-7234-11e5-af64-0050568236ae","Results"
"159599AAAAAAAAAAAAAAAAAAAAAAAAAAAAAA","ARV start date"
"856AAAAAAAAAAAAAAAAAAAAAAAAAAAAAAAAA","HIV Viral Load"
"119481AAAAAAAAAAAAAAAAAAAAAAAAAAAAAA","Diabetes"
"159644AAAAAAAAAAAAAAAAAAAAAAAAAAAAAA","HbA1c"
"5089AAAAAAAAAAAAAAAAAAAAAAAAAAAAAAAA","Weight"
"1342AAAAAAAAAAAAAAAAAAAAAAAAAAAAAAAA","BMI"
"159976AAAAAAAAAAAAAAAAAAAAAAAAAAAAAA","Previously treated group"
"5090AAAAAAAAAAAAAAAAAAAAAAAAAAAAAAAA","Height"
"5596AAAAAAAAAAAAAAAAAAAAAAAAAAAAAAAA","Expected Delivery Date"
"1113AAAAAAAAAAAAAAAAAAAAAAAAAAAAAAAA","Treatment start date"
"159431AAAAAAAAAAAAAAAAAAAAAAAAAAAAAA","End of treatment date"
"5096AAAAAAAAAAAAAAAAAAAAAAAAAAAAAAAA","Next scheduled visit date"
"678AAAAAAAAAAAAAAAAAAAAAAAAAAAAAAAAA","WBC"
"679AAAAAAAAAAAAAAAAAAAAAAAAAAAAAAAAA","RBC"
"1133AAAAAAAAAAAAAAAAAAAAAAAAAAAAAAAA","K"
"160912AAAAAAAAAAAAAAAAAAAAAAAAAAAAAA","Fasting Blood Glucose Measurement"
"161505AAAAAAAAAAAAAAAAAAAAAAAAAAAAAA","TSH Test"
"653AAAAAAAAAAAAAAAAAAAAAAAAAAAAAAAAA","SGOT"
"654AAAAAAAAAAAAAAAAAAAAAAAAAAAAAAAAA","SGPT"
"790AAAAAAAAAAAAAAAAAAAAAAAAAAAAAAAAA","CR"
"857AAAAAAAAAAAAAAAAAAAAAAAAAAAAAAAAA","BUN"
"887AAAAAAAAAAAAAAAAAAAAAAAAAAAAAAAAA","GLU"
"160379AAAAAAAAAAAAAAAAAAAAAAAAAAAAAA","Performance Status (ECOG)"
"767AAAAAAAAAAAAAAAAAAAAAAAAAAAAAAAAA","Rifampicin (R)"
"78280AAAAAAAAAAAAAAAAAAAAAAAAAAAAAAA","Isoniazid (H)"
"81458AAAAAAAAAAAAAAAAAAAAAAAAAAAAAAA","Para-aminosalicylic acid - sodium (PAS-Na)"
"104315AAAAAAAAAAAAAAAAAAAAAAAAAAAAAA","Imipenem/Cilastatin (Imp/Cln)"
"70056AAAAAAAAAAAAAAAAAAAAAAAAAAAAAAA","ABC"
"74807AAAAAAAAAAAAAAAAAAAAAAAAAAAAAAA","DDI"
"75523AAAAAAAAAAAAAAAAAAAAAAAAAAAAAAA","EFV"
"75628AAAAAAAAAAAAAAAAAAAAAAAAAAAAAAA","FTC"
"78643AAAAAAAAAAAAAAAAAAAAAAAAAAAAAAA","3TC"
"84309AAAAAAAAAAAAAAAAAAAAAAAAAAAAAAA","D4T"
"86663AAAAAAAAAAAAAAAAAAAAAAAAAAAAAAA","AZT"
"71647AAAAAAAAAAAAAAAAAAAAAAAAAAAAAAA","ATV"
"794AAAAAAAAAAAAAAAAAAAAAAAAAAAAAAAAA","LPV/R"
"80586AAAAAAAAAAAAAAAAAAAAAAAAAAAAAAA","NVP"
"83412AAAAAAAAAAAAAAAAAAAAAAAAAAAAAAA","RTV"
"5497AAAAAAAAAAAAAAAAAAAAAAAAAAAAAAAA","CD4"
"21AAAAAAAAAAAAAAAAAAAAAAAAAAAAAAAAAA","HGB"
"1015AAAAAAAAAAAAAAAAAAAAAAAAAAAAAAAA","HCT"
"655AAAAAAAAAAAAAAAAAAAAAAAAAAAAAAAAA","TBILI"
"848AAAAAAAAAAAAAAAAAAAAAAAAAAAAAAAAA","Serum Albumin"
"c1362329-9ec2-4d59-b989-96470037b934","Bedaquiline (Bdq)"
"60c0edeb-a0ed-4530-937e-1ace45a48715","Delamanid (Dlm)"
"2806a470-57e1-44fe-8c7b-a6f43044ff89","TB Treatment Start"
"aa838e86-d2a6-4641-8d50-28c4cd1197ee","tiw"
"fe2d8199-0d18-4617-ac15-1e775dfafaf4","Which month"
"b6f123d8-0759-4727-b0ee-2ad09d40b80a","Which month"
"fa2952c6-8e54-416f-8ce4-50cffd88ac81","Which month"
"43390bcb-4a77-4701-bb7d-8119b3cc84f3","Left Ear : dB at 500Hz"
"54b6cb7f-4763-4104-a54b-a5f153acdf96","Left Ear : dB at 1000Hz"
"f0740c2c-5bf2-44d4-b965-e2436c564d12","Left Ear : dB at 2000Hz"
"9978adfb-8ef6-4a22-8cef-3dd0c8904897","Left Ear : dB at 4000Hz"
"1a21bed3-e794-444b-b5b0-a6a0c7210ad7","Left Ear : dB at 6000Hz"
"50fa61ad-9bc4-4785-9f83-8b6ab13f84ce","Left Ear : dB at 8000Hz"
"c0b39a97-88d4-4cfd-8742-98994bebfe9b","Right Ear : dB at 250Hz"
"5e36e7cc-3de1-4243-838a-1d912e48c827","Right Ear : dB at 500Hz"
"bde56a51-26a1-4e68-8167-66a168aa471c","Right Ear : dB at 1000Hz"
"9b72499c-0959-4b21-a607-d9689f287466","Right Ear : dB at 2000Hz"
"f1c783e5-fc19-483d-98c1-e3c0331b507e","Right Ear : dB at 4000Hz"
"c8362726-508f-46e4-be1b-c4e1395a80c4","Right Ear : dB at 6000Hz"
"8c968c42-cf46-444e-8cac-40ff7d262647","Right Ear : dB at 8000Hz"
"d264c8e5-30f8-452d-8aa5-890de449ac94","Left Ear Audiometry Screen"
"5f4229a0-93b0-4c3b-afb9-c167b78bb112","Right ear audiometry screen"
"9ac7afe4-a808-48a4-8fa5-1a853731d334","Reporting audiometry related AE?"
"657c4d01-ebe1-4070-b218-68cd6c48318b","AE ID number"
"d02b88f9-143d-4108-ae36-82fd89d42e69","Simplified Audiometry Screening"
"34e19202-9e41-4d1f-9baf-870c45c07336","Comparison with last Xray"
"59b3a908-dcb9-4888-948e-d4ef3d9effe3","Additional Details If Required"
"ad626fba-8287-4973-958d-bf086e1cba90","Prison"
"b6203c4c-da1d-4d52-aff6-0c0ca5a70e60","If Prison: Past or Present?"
"a9a9e8e9-8801-49ab-b2ad-e84c30fbe16f","Is this result outside of normal range?"
"bacd12ad-9787-49a2-94af-acaf4973efe5","Is this result outside of normal range?"
"93955d11-5711-4c53-afc8-749e5bcf0b5a","Is this result outside of normal range?"
"d2716ce5-3e7c-4bb0-84bd-af8c404b1188","Other employment"
"3d110fbe-b86b-48f6-9f91-80ee3b625835","Past TB Registration number"
"5562c7e2-811f-4f98-8198-2a28f09f1533","Type of heart disease"
"d4803988-c900-4c14-ac89-00bdbf7c177f","BMI"
"9d500ada-5d86-4441-bca0-856c4184bec7","MDRTB diagnosis date"
"f9e4d712-7941-47e7-99ca-cb47fe081ca3","Is consent for new drugs signed"
"41338de5-f0e8-4913-a189-880ee09088aa","Is this result outside of normal range?"
"3889817f-44ae-4df2-8c0a-ea3a8c7e3071","Is this result outside of normal range?"
"866430f7-a695-45de-8569-40e4feecdf90","Is this result outside of normal range?"
"ff8d200d-e0fd-437d-b876-9c3f33b5083d","Is this result outside of normal range?"
"03c31e3c-1a0e-44e1-a6c1-dbf80ae8f3b0","Is this result outside of normal range?"
"d81320ab-ab69-4adc-8932-ed29e1e16e88","Is this result outside of normal range?"
"33fe1280-6eb6-44e8-bc45-271d4577e832","Is this result outside of normal range?"
"e2cc2a5f-a7a4-4055-927f-7c090765f4ad","Is this result outside of normal range?"
"5ff13cd8-c6b6-4aec-aade-12efed011af2","Is this result outside of normal range?"
"ac5314b8-f79d-485b-be84-71c8fba8b281","Is this result outside of normal range?"
"4402be77-aaea-4b05-bbdb-8a5a80a0f8f9","Is this result outside of normal range?"
"b31e6a57-34f3-4366-97fb-817f210b750c","Is this result outside of normal range?"
"77933f39-c122-4a19-8ce3-81788bff2568","Is this result outside of normal range?"
"ec2e2676-8c1c-4b86-bd09-902343593e56","Is this result outside of normal range?"
"624b3ec7-f5d8-4205-a4ed-081f9636ba2e","Is this result outside of normal range?"
"1c658401-ac0c-468e-913f-78e08b0f7e9f","Is this result outside of normal range?"
"60ab1c67-bb66-4348-8515-35eb8793ead3","Is this result outside of normal range?"
"97b1e88e-9054-4cde-b7df-5e23d300bd51","Consent For EndTB Signed?"
"a638cc74-6566-487b-8f98-2dc995aa2ab8","date of death before treatment start"
"b8ddb596-7d34-4749-9a45-ed47461fe61f","If Yes, New SAE Case Number"
"6baf8cf4-f60a-4f76-8ded-3e30f694bf32","Hospital Course"
"dc351729-1a4e-496e-8636-57e7e0f56ecc","Last Drug-Susceptible TB Treatment Registration Facility"
"bec723a7-9668-4daf-8737-f43c860e3fd9","Last Drug-Resistant TB Treatment Registration Facility"
"6a0be953-18b5-4750-982e-c89a0d56c8d3","Pregnant?"
"08f900d8-a834-49d0-9d56-26e354af68d4","Pregnancy form case ID number"
"e09b14de-dfda-4dd1-aa63-052130c7ef5c","Pain, aching or burning in Feet, Leg"
"5ce0c137-29eb-4253-b2bc-f13b5690296d","Pins and Needles in Feet and Leg"
"7faef284-26f7-42b4-80b0-0f7caaef1ec7","Numbness (lack of feeling) in Feet, Leg"
"65f8a910-698b-4b87-9323-035c2c97b57e","Vibration perception"
"7f0a34f5-553f-4998-8a51-38cf13ed4b0b","Ankle reflexes"
"85c4d37c-0c48-4904-bc4a-144b9ee87cd1","Next Visit"
"aaccd405-2b3c-47c3-91e9-1ba159db4b8f","Hearing impairment (hearing loss)"
"65b0c88d-e7c0-4d56-a9f8-6fad452d321c","Increased liver enzymes (ALT increased or AST increased (>= 1.1 x ULN))"
"1cc35cb1-2dcf-49ed-8234-3d2910a08b29","3"
"2caadb20-9193-4a6e-9ec9-0730686defaa","Date of AE report"
"670049f8-c95d-4092-a7c3-b4314069bc29","4"
"67bfe0cf-ad74-4724-918d-41135ad6cb9d","AE ID number"
"6f419e98-72a8-4ff2-bf39-ae582202295b","Date of AE onset"
"b154b805-599c-40cd-9dca-9971d95c2ee0","1"
"bb7b314a-c929-4145-a02e-0a9fc2ec5297","2"
"fed9950c-9eac-4ba9-b232-7ad556842135","All drugs suspended?"
"01e4ab9f-8f06-4a17-b944-8c041064795b","Other AE term"
"1163926d-b95c-4285-8a15-35b84b358f69","Date of AE outcome"
"207fbed8-d48b-441f-8e1c-27392ae0e670","AE grade"
"373ced96-5dcd-42f2-aae4-009fdc3df308","Maximum severity of AE"
"443a1e0d-b451-4d24-adaa-d0599a8a9175","AE Related Test"
"718796cd-06c1-4a31-b82f-234860d26f73","AE related test value"
"76070a0d-3807-4817-8eaa-59e7dd8e5f7a","AE related to TB drugs?"
"784c7c21-0f22-4ced-b5e1-91431b0eaeb1","AE related test date"
"8ccfd9ab-4341-4ca9-b2f6-5cb0c2c1b097","AE review date"
"a4769ed1-2315-45d4-89d2-ea13f6c51ad6","AE outcome"
"b9fe1daf-2be7-44f5-b9f5-50650b050b55","AE severity at review"
"f9d0ad77-7cf5-4f5f-ab77-ea4f1ed0115c","AE related test ID"
"3a15213c-445d-4598-b1c9-c80603c372d2","Comorbidity"
"52a804db-5629-4844-9e89-80f899c2f9f8","Other Causal Factors"
"c378614a-f6cb-49ba-8731-d0c3ab5c41b6","Non-TB drug"
"d6eb7fa5-f13f-4afb-8f34-cdb58867bcbe","TB drug: related?"
"7efc4921-bc63-4fa9-b819-570515721cdf","AE term"
"ba8b0d88-941b-493d-a5ee-0b7099cd0eaf","AE term comprehensive list"
"42503fbc-bbee-4159-b648-eb8acb828c63","TB drug : final action"
"aea612bc-d179-49dd-a9a4-7cb4ea025b46","TB drug"
"c4425cb7-38d4-4634-97a1-df9f7abb4bcf","AE: Other causal factors?"
"20743190-7eb5-4acc-95de-fd70b366e0ed","AE Severity Review"
"26ad5a62-0676-406b-b065-942cf145f0b0","Related Test"
"cf62f8bb-bd1f-401e-bcf5-6ed562830458","AE Review Log"
"0fcd6a24-22dc-4020-b957-dae01b3bf97c","Adverse Event Outcome and Causality"
"de05c9da-9ac4-415b-afb9-cf65f205ae90","TB Drug Treatment"
"64f0a647-441e-443a-a2a7-1b34df71302d","Adverse Events"
"fb79159d-1199-461a-8363-0d1b4f582f25","Adverse Event Details"
"aaa4b3d3-656f-4cb0-be4d-8b898319abf4","Other causal factors"
"18933c35-e416-4d3a-9b92-79c5a374916b","Event onset date"
"22321c76-f483-4e46-aa19-c35f4cd8328f","SAE case number"
"f40bf469-d5da-46f3-8a83-8835eb1515d3","Date of SAE report"
"b2355be0-1a11-4705-9d57-d5308a47ed7c","SAE term"
"29539b33-c406-4469-9868-781676f078dc","Other SAE term"
"9025cfa1-2e45-4932-b6da-4e580c8d2c35","SAE term comprehensive list"
"0e644a1d-1c5f-41e1-8a3a-96dd6149a9be","SAE outcome"
"0ef73117-c447-4afe-b7b7-3a79c706b91c","Maximum  severity of SAE"
"288b9257-bd98-4b30-b024-e19fa9ed339b","SAE related test date"
"386e2350-8346-47b3-94ab-d0be3d337813","Seriousness criteria"
"48a2d35f-eb68-4331-9078-fa4ea0122bf5","SAE related test value"
"ce2fb2fd-c008-426e-ac60-3f8cf8b3130d","Event end date"
"d92ee790-0b90-4f36-868c-7f22b3edde65","SAE related test"
"deae022b-f46c-4a4c-b9c8-6309a9dc7c26","SAE related test ID"
"0f86c79f-1b94-46ac-b2ae-c816fe0915cb","Comorbidity"
"1d5fab37-6b2a-42f5-b034-5294a692cf95","TB drug"
"6ce505c5-2b5b-4575-97a7-d6bbfc09b60e","Non-TB drug"
"89f39610-4ca0-4476-9ff7-11cecc4b3b6c","TB drug : related?"
"e4aa6943-905d-42ca-9bf5-745b47b3d513","Other causal factors"
"4fac0b1b-f95b-4433-9302-160e853327b9","TB drug : final action"
"6a5661dc-7a54-4d02-95f9-f113770faefa","SAE: Other causal factors?"
"1631f397-d7fb-447c-bbbc-89649d0a1d6d","SAE description from SAE form"
"7075a0a0-e398-4911-975c-eb3248bff0c5","Related tests (data from PV unit summary)"
"06b7ed24-7739-415b-bc10-0fdcab1509f8","Serious Adverse Events"
"47a436b9-d808-49e6-82d1-f11ca9dfcf9d","TB drug treatment (data from PV unit summary)"
"c6bf37df-b6f1-4eb1-8bca-20475ee1e5b1","SAE outcome ( from PV unit summary)"
"f76fb128-9377-4dd2-8e06-c4b63d56dd78","Other causal factors (data from PV unit summary)"
"a6ec83ac-3afe-4710-bd14-4711bc2e09b6","Place of past TB treatment"
"c36e79ab-ac68-4fe1-8d75-aafc27916189","History unclear/unknown"
"985899a9-ed81-4a51-aae8-ec5b8f620eeb","Serious Adverse Event Details"
"ad390cae-5983-40c9-b403-c0e7860c3222","Test done?"
"bb4f6099-f67a-4f4e-9de0-7d815c5cc290","Test done?"
"891dcde3-349d-4cb0-bbf0-a515bfe41d69","Test done?"
"450bee6c-72e5-45b2-b699-102400f52613","Test done?"
"eb4fa99f-926e-4fe0-a837-29d3b0357504","Test done?"
"1afa1253-a6a9-4daa-a840-b4434ac7f399","Test done?"
"79fcfc6e-5fd6-4d44-87d8-331f38db936a","Test done?"
"7edd7e50-7cc8-4eb7-bf84-aa8587fe8abf","Test done?"
"dde96b96-4d7d-4ce8-8cb7-76b43de12038","Test done?"
"92cac8f6-2619-4c4e-a9ca-5e3545b4fc87","Test done?"
"2e6bd593-1e46-44fb-9378-9badc55f9e89","Test done?"
"d9b19c39-a928-4843-9920-810c62f94add","Test done?"
"9f038d98-7771-4e1e-9e6f-f7d0ce74ccae","Test done?"
"ef810338-8956-49fd-ab7e-29a19b8d2752","Test done?"
"a2226506-3673-4012-9674-5731be435863","Test done?"
"7619c9a3-804f-4d6e-b202-0f1dca575b39","Test done?"
"605ab621-5d0e-42de-a9fc-16d11ceafd15","Test done?"
"50dd4c24-f1f6-4ba3-9de1-61ec39750cfe","Test done?"
"1a2f60ea-5f2b-4cec-a855-9cb5f70033c8","Test done?"
"3141d8e0-421f-47e5-84ab-922994f22013","Test done?"
"cd279706-affd-46d8-8343-fe8f7da9d486","Test done?"
"3051e47d-1378-4659-9599-bcb7f13d76be","Test done?"
"98d7f024-32d2-4d00-946a-06e007623361","Test done?"
"ab5cbca5-abe0-4988-9212-3d74783aba1d","Test done?"
"e74a6648-8cc4-4c5e-a8dd-875fb8596f4d","National DRTB Number"
"914d06d6-0836-4276-b5a5-be978039db08","Diagnostic"
"a925f28b-8d93-4918-a848-54306b16487d","DR Status"
"31c72abf-5872-4bb9-973e-39346dde6955","Referred before TTR"
"1d2838c2-d9c0-4078-a311-e4d6638107f4","Admission Status"
"0a8c6dbb-4ac9-4963-bdb5-f4487461c781","National Identification Number"
"e0cb54b4-b576-48f9-8f9c-d8c86515801c","Date of Registration in National DRTB Program"
"4e96e371-a27f-4aee-956e-f8417ab65af3","R MIC"
"b8d65b4b-6454-44e1-8aca-92f5df2afe1f","R"
"cc7b85cd-1e71-4e63-a5c3-0d4d396864c7","Drug name"
"a3190b4b-c03b-44c5-ace1-5859597f3013","Drug result"
"057e5374-4e2d-4547-aa86-bff9e4764dc6","Results"
"fca023eb-b5c8-4bee-801f-0e64f829e7d9","MIC"
"7c62f5c9-911a-11e5-b218-0050568236ae","DrugOther"
"992b024e-9727-11e5-b218-0050568236ae","Stopped Order Reason"
"992bbb8b-9727-11e5-b218-0050568236ae","Refused To Take"
"19c4dd33-772d-4ead-a464-95cde681c1f2","Huaraz Lab"
"c1db0425-dc1d-4a3d-8124-5c5b5afc3ba3","Armenia Lab"
"313d2f80-dd44-4d7e-8e21-1e9b57c2e10d","Sample ID #"
"ed4ac0fc-0324-48e9-a687-c7733139f532","Sample Collection Date"
"8b2fcb31-f611-4368-a7ba-fd7e63d9b9ae","Lab Name"
"15552b66-c02e-4738-a34f-e1f9d7f5b4b6","Lab Identification number"
"aad2c867-8d09-44ed-ba94-08bb08735eec","Sample details"
"37d47e74-20d8-406a-b684-8fabd3c3c8c2","Lab Results - Serology"
"e6368b14-b1c9-4752-97c4-9c2f278ef045","Lab Results - Other Tests"
"d35aa9c9-893e-4f7c-ae27-51b856c56daa","Drug Allergies"
"05524e94-8636-47f9-9433-ca98e7aa9312","Known Drug Allergies"
"ffa05f26-7b19-4e7c-8a9a-52d6cdac80a2","Which Drug Allergies"
"f4110669-711d-472a-aa32-4c5ad673ee59","Treatment After Failure"
"144964d5-f7ca-451a-bf46-4e5c2b2a45fa","New AE Reported"
"1bf2acda-86b3-4d70-8203-639db22a007b","If Yes, New AE ID number"
"c23e412f-5785-419b-8d6a-3a0ec53aadee","Other Marital Status"
"cbb4818a-79bd-4324-8a59-974121f27126","Has the patient ever been treated for TB in the past?"
"753b5ff5-b213-4d59-ae9d-4bc72de95e0e","Pregnancy"
"dcf5c555-3cb4-475c-8457-1cc4397ba6a2","Date of death post treatment"
"533d2cf0-bb34-41c1-b4c5-407c41c3b655","Died"
"8c09ec52-8238-4e8b-9fea-97f482939cc7","Failed"
"f20631b4-7a94-4223-a835-eda0db473369","LTFU"
"edbe1ff8-4f23-49a3-8efc-4a3650f34301","Not Evaluated"
"768bf06b-2beb-4cf8-92c5-c665507971d8","Died Post Treatment"
"a98ca5f1-2afd-49a5-8097-abc52ed21777","LTFU Post Treatment"
"c830af7b-c1ee-4966-bb71-7849c2eeabb1","Not Evaluated Post Treatment"
"34f4c30c-54a3-4b73-b04c-90443f291c4d","Ongoing AE?"
"07b1818f-91ae-44c3-96e3-76edb6c736a3","Is Pregnancy In The TB Patient Or Partner"
"6d33a21b-7d7a-46b4-ad56-94bb2bdaa204","Other Hospital Name"
"c3ae4824-7b31-44d8-aef6-3a05555310bd","Other Hospital Name"
"1dd37989-0192-46c3-8b18-9153ba941a06","If Other, Reason"
"fb8f46df-af1b-48b9-b3d9-039283a1bb6b","AE/SAE"
"b463c2b0-aa15-4fbb-9eb4-3caf03506c3c","Optional Followup Questions"
"c06ef749-b5d1-4989-b5cd-46f33f9f3a5b","Hospital Course"
"98690e31-b63b-41be-a54d-1a2cb5f82402","TB Related Surgery"
"2e4f18e9-0bcc-4243-b16f-35b54ea708a8","X-Ray"
"79b2b8bd-9c82-4527-bdb2-8e2cff77895d","Other Radiological Test"
"2d78cd5d-6424-4c88-bac1-29a88fd86b79","Date Of Other Radiological Test"
"dc967043-51dd-467a-911b-8388128ef41b","Results of Other Radiological Test"
"43779096-5892-4cbb-a9fe-36c56bf53336","Other Radiological Tests"
"3045c01f-e57e-4e63-800a-d3c32fb8694f","Audiometry Related AE"
"367695cd-9dfa-42ce-8166-6108b611675e","Reporting ECG Related AE"
"3ece8c28-0b8b-43ec-9386-a761299dec67","If Yes, AE ID Number"
"60751928-1251-403d-a812-85ddf9536e0e","ECG Related AE"
"5ccf3134-8fe1-42c6-b3b4-ccc79304230e","0 = Fully active, etc"
"7838fb12-4c41-409e-a98d-185f0f550f2d","1 = Restricted, etc."
"94c6250d-33d9-4b06-bd1e-e4ca04c2831d","2 = Ambulatory, etc."
"f791614c-357d-4bc1-94f6-8ef1beb9ef59","3 = Capable, etc."
"90f44948-29ed-40ac-a6c1-b8c82f8ad3ac","4 = Completely disabled, etc"
"54c448ce-c3f8-48c3-a175-f27466797d73","Lab Results - Pregnancy Test"
"db5558f8-4252-43e7-82a7-e8077c52b92a","Is This AE an SAE?"
"057bf04f-0bad-4d78-abd8-c40ab45be102","If Yes, SAE Case Number"
"10f702a9-648c-4666-8d63-68c834df25cd","If Other Type of Media, Type"
